{"kernels": [[[0.0780823826789856, 0.0, 0.21565859019756317, 0.2181156724691391, 0.09361279010772705, 0.14140577614307404, 0.09208476543426514, 0.08010756969451904, 0.10445447266101837, 0.1833391934633255, 0.28827372193336487, 0.015979725867509842, 0.3105953633785248, 0.3795170485973358, 0.2934435307979584, 0.1538563072681427, 0.1348409503698349, 0.0, 0.27809202671051025, 0.0898069441318512, 0.07009044289588928, 0.41750630736351013, 0.08831824362277985, 0.29562294483184814]], [[0.04614980146288872, 0.0, 0.08137386292219162, 0.0, 0.40062493085861206, 0.1498938947916031, 0.0, 0.0, 0.22102120518684387, 0.0, 0.01945607364177704, 0.5713927149772644, 0.046633441001176834, 0.0, 0.05889279767870903, 0.36601313948631287, 0.0, 0.4991756081581116, 0.06635356694459915, 0.11971448361873627, 0.1170312836766243, 0.0, 0.10651709139347076, 0.0]], [[0.208999365568161, 0.29589542746543884, 0.201179638504982, 0.12324915081262589, 0.0, 0.040226150304079056, 0.11607280373573303, 0.08280753344297409, 0.2558151185512543, 0.126332089304924, 0.13944192230701447, 0.0, 0.2534439265727997, 0.27381524443626404, 0.20530445873737335, 0.2858075499534607, 0.2200918346643448, 0.0, 0.07158380001783371, 0.025020567700266838, 0.2672834098339081, 0.12097164243459702, 0.23557411134243011, 0.48114800453186035]]], "shape": [3, 1, 24], "similarity_matrix": [[1.0000001192092896, 0.2525709867477417, 0.7706484794616699], [0.2525709867477417, 1.0, 0.28393682837486267], [0.7706484794616699, 0.28393685817718506, 1.0]]}